{"width": 848, "height": 480, "intrinsic_matrix": [425.7896728515625, 0, 0, 0, 425.7896728515625, 0, 422.4677429199219, 236.74798583984375, 1]}